Status,Percentage
Canceled,37.041628277075134
Not Canceled,62.958371722924866
